driverID,full_name,nationality,dob
1,Lewis Hamilton,British,1985-01-07
2,Nick Heidfeld,German,1977-05-10
3,Nico Rosberg,German,1985-06-27
4,Fernando Alonso,Spanish,1981-07-29
5,Heikki Kovalainen,Finnish,1981-10-19
6,Kazuki Nakajima,Japanese,1985-01-11
7,Sébastien Bourdais,French,1979-02-28
8,Kimi Räikkönen,Finnish,1979-10-17
9,Robert Kubica,Polish,1984-12-07
10,Timo Glock,German,1982-03-18
11,Takuma Sato,Japanese,1977-01-28
12,Nelson Piquet Jr.,Brazilian,1985-07-25
13,Felipe Massa,Brazilian,1981-04-25
14,David Coulthard,British,1971-03-27
15,Jarno Trulli,Italian,1974-07-13
16,Adrian Sutil,German,1983-01-11
17,Mark Webber,Australian,1976-08-27
18,Jenson Button,British,1980-01-19
19,Anthony Davidson,British,1979-04-18
20,Sebastian Vettel,German,1987-07-03
21,Giancarlo Fisichella,Italian,1973-01-14
22,Rubens Barrichello,Brazilian,1972-05-23
23,Ralf Schumacher,German,1975-06-30
24,Vitantonio Liuzzi,Italian,1980-08-06
25,Alexander Wurz,Austrian,1974-02-15
26,Scott Speed,American,1983-01-24
27,Christijan Albers,Dutch,1979-04-16
28,Markus Winkelhock,German,1980-06-13
29,Sakon Yamamoto,Japanese,1982-07-09
30,Michael Schumacher,German,1969-01-03
31,Juan Pablo Montoya,Colombian,1975-09-20
32,Christian Klien,Austrian,1983-02-07
33,Tiago Monteiro,Portuguese,1976-07-24
34,Yuji Ide,Japanese,1975-01-21
35,Jacques Villeneuve,Canadian,1971-04-09
36,Franck Montagny,French,1978-01-05
37,Pedro de la Rosa,Spanish,1971-02-24
38,Robert Doornbos,Dutch,1981-09-23
39,Narain Karthikeyan,Indian,1977-01-14
40,Patrick Friesacher,Austrian,1980-09-26
41,Ricardo Zonta,Brazilian,1976-03-23
42,Antônio Pizzonia,Brazilian,1980-09-11
43,Cristiano da Matta,Brazilian,1973-09-19
44,Olivier Panis,French,1966-09-02
45,Giorgio Pantano,Italian,1979-02-04
46,Gianmaria Bruni,Italian,1981-05-30
47,Zsolt Baumgartner,Hungarian,1981-01-01
48,Marc Gené,Spanish,1974-03-29
49,Heinz-Harald Frentzen,German,1967-05-18
50,Jos Verstappen,Dutch,1972-03-04
51,Justin Wilson,British,1978-07-31
52,Ralph Firman,Irish,1975-05-20
53,Nicolas Kiesa,Danish,1978-03-03
54,Luciano Burti,Brazilian,1975-03-05
55,Jean Alesi,French,1964-06-11
56,Eddie Irvine,British,1965-11-10
57,Mika Häkkinen,Finnish,1968-09-28
58,Tarso Marques,Brazilian,1976-01-19
59,Enrique Bernoldi,Brazilian,1978-10-19
60,Gastón Mazzacane,Argentine,1975-05-08
61,Tomáš Enge,Czech,1976-09-11
62,Alex Yoong,Malaysian,1976-07-20
63,Mika Salo,Finnish,1966-11-30
64,Pedro Diniz,Brazilian,1970-05-22
65,Johnny Herbert,British,1964-06-25
66,Allan McNish,British,1969-12-29
67,Sébastien Buemi,Swiss,1988-10-31
68,Toranosuke Takagi,Japanese,1974-02-12
69,Luca Badoer,Italian,1971-01-25
70,Alessandro Zanardi,Italian,1966-10-23
71,Damon Hill,British,1960-09-17
72,Stéphane Sarrazin,French,1975-11-02
73,Ricardo Rosset,Brazilian,1968-07-27
74,Esteban Tuero,Argentine,1978-04-22
75,Shinji Nakano,Japanese,1971-04-01
76,Jan Magnussen,Danish,1973-07-04
77,Gerhard Berger,Austrian,1959-08-27
78,Nicola Larini,Italian,1964-03-19
79,Ukyo Katayama,Japanese,1963-05-29
80,Vincenzo Sospiri,Italian,1966-10-07
81,Gianni Morbidelli,Italian,1968-01-13
82,Norberto Fontana,Argentine,1975-01-20
83,Pedro Lamy,Portuguese,1972-03-20
84,Martin Brundle,British,1959-06-01
85,Andrea Montermini,Italian,1964-05-30
86,Giovanni Lavaggi,Italian,1958-02-18
87,Mark Blundell,British,1966-04-08
88,Aguri Suzuki,Japanese,1960-09-08
89,Taki Inoue,Japanese,1963-09-05
90,Roberto Moreno,Brazilian,1959-02-11
91,Karl Wendlinger,Austrian,1968-12-20
92,Bertrand Gachot,Belgian,1962-12-23
93,Domenico Schiattarella,Italian,1967-11-17
94,Pierluigi Martini,Italian,1961-04-23
95,Nigel Mansell,British,1953-08-08
96,Jean-Christophe Boullion,French,1969-12-27
97,Massimiliano Papis,Italian,1969-10-03
98,Jean-Denis Délétraz,Swiss,1963-10-01
99,Gabriele Tarquini,Italian,1962-03-02
100,Érik Comas,French,1963-09-28
101,David Brabham,Australian,1965-09-05
102,Ayrton Senna,Brazilian,1960-03-21
103,Éric Bernard,French,1964-08-24
104,Christian Fittipaldi,Brazilian,1971-01-18
105,Michele Alboreto,Italian,1956-12-23
106,Olivier Beretta,Monegasque,1969-11-23
107,Roland Ratzenberger,Austrian,1960-07-04
108,Paul Belmondo,French,1963-04-23
109,Jyrki Järvilehto,Finnish,1966-01-31
110,Andrea de Cesaris,Italian,1959-05-31
111,Jean-Marc Gounon,French,1963-01-01
112,Philippe Alliot,French,1954-07-27
113,Philippe Adams,Belgian,1969-11-19
114,Yannick Dalmas,French,1961-07-28
115,Hideki Noda,Japanese,1969-03-07
116,Franck Lagorce,French,1968-09-01
117,Alain Prost,French,1955-02-24
118,Derek Warwick,British,1954-08-27
119,Riccardo Patrese,Italian,1954-04-17
120,Fabrizio Barbazza,Italian,1963-04-02
121,Michael Andretti,American,1962-10-05
122,Ivan Capelli,Italian,1963-05-24
123,Thierry Boutsen,Belgian,1957-07-13
124,Marco Apicella,Italian,1965-10-07
125,Emanuele Naspetti,Italian,1968-02-24
126,Toshio Suzuki,Japanese,1955-03-10
127,Maurício Gugelmin,Brazilian,1963-04-20
128,Eric van de Poele,Belgian,1961-09-30
129,Olivier Grouillard,French,1958-09-02
130,Andrea Chiesa,Swiss,1964-05-06
131,Stefano Modena,Italian,1963-05-12
132,Giovanna Amati,Italian,1959-07-20
133,Alex Caffi,Italian,1964-03-18
134,Enrico Bertaggia,Italian,1964-09-19
135,Perry McCarthy,British,1961-03-03
136,Jan Lammers,Dutch,1956-06-02
137,Nelson Piquet,Brazilian,1952-08-17
138,Satoru Nakajima,Japanese,1953-02-23
139,Emanuele Pirro,Italian,1962-01-12
140,Stefan Johansson,Swedish,1956-09-08
141,Julian Bailey,British,1961-10-09
142,Pedro Chaves,Portuguese,1965-02-27
143,Michael Bartels,German,1968-03-08
144,Naoki Hattori,Japanese,1966-06-13
145,Alessandro Nannini,Italian,1959-07-07
146,Bernd Schneider,German,1964-07-20
147,Paolo Barilla,Italian,1961-04-20
148,Gregor Foitek,Swiss,1965-03-27
149,Claudio Langes,Italian,1960-07-20
150,Gary Brabham,Australian,1961-03-29
151,Martin Donnelly,British,1964-03-26
152,Bruno Giacomelli,Italian,1952-09-10
153,Jaime Alguersuari,Spanish,1990-03-23
154,Romain Grosjean,French,1986-04-17
155,Kamui Kobayashi,Japanese,1986-09-13
156,Jonathan Palmer,British,1956-11-07
157,Christian Danner,German,1958-04-04
158,Eddie Cheever,American,1958-01-10
159,Luis Pérez-Sala,Spanish,1959-05-15
160,Piercarlo Ghinzani,Italian,1952-01-16
161,Volker Weidler,German,1962-03-18
162,Pierre-Henri Raphanel,French,1961-05-27
163,René Arnoux,French,1948-07-04
164,Joachim Winkelhock,German,1960-10-24
165,Oscar Larrauri,Argentine,1954-08-19
166,Philippe Streiff,French,1955-06-26
167,Adrián Campos,Spanish,1960-06-17
168,Jean-Louis Schlesser,French,1948-09-12
169,Pascal Fabre,French,1960-01-09
170,Teo Fabi,Italian,1955-03-09
171,Franco Forini,Swiss,1958-09-22
172,Jacques Laffite,French,1943-11-21
173,Elio de Angelis,Italian,1958-03-26
174,Johnny Dumfries,British,1958-04-26
175,Patrick Tambay,French,1949-06-25
176,Marc Surer,Swiss,1951-09-18
177,Keke Rosberg,Finnish,1948-12-06
178,Alan Jones,Australian,1946-11-02
179,Huub Rothengatter,Dutch,1954-10-08
180,Allen Berg,Canadian,1961-08-01
181,Manfred Winkelhock,German,1951-10-06
182,Niki Lauda,Austrian,1949-02-22
183,François Hesnault,French,1956-12-30
184,Mauro Baldi,Italian,1954-01-31
185,Stefan Bellof,German,1957-11-20
186,Kenny Acheson,British,1957-11-27
187,John Watson,British,1946-05-04
188,Johnny Cecotto,Venezuelan,1956-01-25
189,Jo Gartner,Austrian,1954-01-24
190,Corrado Fabi,Italian,1961-04-12
191,Mike Thackwell,New Zealander,1961-03-30
192,Chico Serra,Brazilian,1957-02-03
193,Danny Sullivan,American,1950-03-09
194,Eliseo Salazar,Chilean,1954-11-14
195,Roberto Guerrero,Colombian,1958-11-16
196,Raul Boesel,Brazilian,1957-12-04
197,Jean-Pierre Jarier,French,1946-07-10
198,Jacques Villeneuve Sr.,Canadian,1953-11-04
199,Carlos Reutemann,Argentine,1942-04-12
200,Jochen Mass,German,1946-09-30
201,Slim Borgudd,Swedish,1946-11-25
202,Didier Pironi,French,1952-03-26
203,Gilles Villeneuve,Canadian,1950-01-18
204,Riccardo Paletti,Italian,1958-06-15
205,Brian Henton,British,1946-09-19
206,Derek Daly,Irish,1953-03-11
207,Mario Andretti,American,1940-02-28
208,Emilio de Villota,Spanish,1946-07-26
209,Geoff Lees,British,1951-05-01
210,Tommy Byrne,Irish,1958-05-06
211,Rupert Keegan,British,1955-02-26
212,Hector Rebaque,Mexican,1956-02-05
213,Beppe Gabbiani,Italian,1957-01-02
214,Kevin Cogan,American,1956-03-31
215,Miguel Ángel Guerra,Argentine,1953-08-31
216,Siegfried Stohr,Italian,1952-10-10
217,Ricardo Zunino,Argentine,1949-04-13
218,Ricardo Londoño,Colombian,1949-08-08
219,Jean-Pierre Jabouille,French,1942-10-01
220,Giorgio Francia,Italian,1947-11-08
221,Patrick Depailler,French,1944-08-09
222,Jody Scheckter,South African,1950-01-29
223,Clay Regazzoni,Swiss,1939-09-05
224,Emerson Fittipaldi,Brazilian,1946-12-12
225,Dave Kennedy,Irish,1953-01-15
226,Stephen South,British,1952-02-19
227,Tiff Needell,British,1951-10-29
228,Desiré Wilson,South African,1953-11-26
229,Harald Ertl,Austrian,1948-08-31
230,Vittorio Brambilla,Italian,1937-11-11
231,James Hunt,British,1947-08-29
232,Arturo Merzario,Italian,1943-03-11
233,Hans-Joachim Stuck,German,1951-01-01
234,Gianfranco Brancatelli,Italian,1950-01-18
235,Jacky Ickx,Belgian,1945-01-01
236,Patrick Gaillard,French,1952-02-12
237,Alex Ribeiro,Brazilian,1948-11-07
238,Ronnie Peterson,Swedish,1944-02-14
239,Brett Lunger,American,1945-11-14
240,Danny Ongais,American,1942-05-21
241,Lamberto Leoni,Italian,1953-05-24
242,Divina Galica,British,1944-08-13
243,Rolf Stommelen,German,1943-07-11
244,Alberto Colombo,Italian,1946-02-23
245,Tony Trimmer,British,1943-01-24
246,Hans Binder,Austrian,1948-06-12
247,Michael Bleekemolen,Dutch,1949-10-02
248,Carlo Franchi,Italian,1938-01-01
249,Bobby Rahal,American,1953-01-10
250,Carlos Pace,Brazilian,1944-10-06
251,Ian Scheckter,South African,1947-08-22
252,Tom Pryce,British,1949-06-11
253,Ingo Hoffmann,Brazilian,1953-02-28
254,Renzo Zorzi,Italian,1946-12-12
255,Gunnar Nilsson,Swedish,1948-11-20
256,Larry Perkins,Australian,1950-03-18
257,Boy Lunger,Dutch,1949-05-03
258,Patrick Nève,Belgian,1949-10-13
259,David Purley,British,1945-01-26
260,Conny Andersson,Swedish,1939-12-28
261,Bernard de Dryver,Belgian,1952-09-19
262,Jackie Oliver,British,1942-08-14
263,Mikko Kozarowitzky,Finnish,1948-05-17
264,Andy Sutcliffe,British,1947-05-09
265,Guy Edwards,British,1942-12-30
266,Brian McGuire,Australian,1945-12-13
267,Vern Schuppan,Australian,1943-03-19
268,Hans Heyer,German,1943-03-16
269,Teddy Pilette,Belgian,1942-07-26
270,Ian Ashley,British,1947-10-26
271,Loris Kessel,Swiss,1950-04-01
272,Kunimitsu Takahashi,Japanese,1940-01-29
273,Kazuyoshi Hoshino,Japanese,1947-07-01
274,Noritake Takahara,Japanese,1951-06-06
275,Lella Lombardi,Italian,1941-03-26
276,Bob Evans,British,1947-06-11
277,Michel Leclère,French,1946-03-18
278,Chris Amon,New Zealander,1943-07-20
279,Emilio Zapico,Spanish,1944-05-27
280,Henri Pescarolo,French,1942-09-25
281,Jac Nelleman,Danish,1944-04-19
282,Damien Magee,British,1945-11-17
283,Mike Wilds,British,1946-01-07
284,Alessandro Pesenti-Rossi,Italian,1942-08-31
285,Otto Stuppacher,Austrian,1947-03-03
286,Warwick Brown,Australian,1949-12-24
287,Masahiro Hasemi,Japanese,1945-11-13
288,Mark Donohue,American,1937-03-18
289,Graham Hill,British,1929-02-15
290,Wilson Fittipaldi,Brazilian,1943-12-25
291,Guy Tunmer,South African,1948-12-01
292,Eddie Keizan,South African,1944-09-12
293,Dave Charlton,South African,1936-10-27
294,Tony Brise,British,1952-03-28
295,Roelof Wunderink,Dutch,1948-12-12
296,François Migault,French,1944-12-04
297,Torsten Palm,Swedish,1947-07-23
298,Gijs van Lennep,Dutch,1942-03-16
299,Hiroshi Fushida,Japanese,1946-03-10
300,John Nicholson,New Zealander,1941-10-06
301,Dave Morgan,British,1944-08-07
302,Jim Crawford,British,1948-02-13
303,Jo Vonlanthen,Swiss,1942-05-31
304,Denny Hulme,New Zealander,1936-06-18
305,Mike Hailwood,British,1940-04-02
306,Jean-Pierre Beltoise,French,1937-04-26
307,Howden Ganley,New Zealander,1941-12-24
308,Richard Robarts,British,1944-09-22
309,Peter Revson,American,1939-02-27
310,Paddy Driver,South African,1934-05-13
311,Tom Belsø,Danish,1942-08-27
312,Brian Redman,British,1937-03-09
313,Rikky von Opel,Liechtensteiner,1947-10-14
314,Tim Schenken,Australian,1943-09-26
315,Gérard Larrousse,French,1940-05-23
316,Leo Kinnunen,Finnish,1943-08-05
317,Reine Wisell,Swedish,1941-09-30
318,Bertil Roos,Swedish,1943-10-12
319,José Dolhem,French,1944-04-26
320,Peter Gethin,British,1940-02-21
321,Derek Bell,British,1941-10-31
322,David Hobbs,British,1939-06-09
323,Dieter Quester,Austrian,1939-05-30
324,Helmuth Koinigg,Austrian,1948-11-03
325,Carlo Facetti,Italian,1935-06-26
326,Eppie Wietzes,Canadian,1938-05-28
327,François Cevert,French,1944-02-25
328,Jackie Stewart,British,1939-06-11
329,Mike Beuttler,British,1940-04-13
330,Nanni Galli,Italian,1940-10-02
331,Luiz Bueno,Brazilian,1937-01-16
332,George Follmer,American,1934-01-27
333,Andrea de Adamich,Italian,1941-10-03
334,Jackie Pretorius,South African,1934-11-22
335,Roger Williamson,British,1948-02-02
336,Graham McRae,New Zealander,1940-03-05
337,Helmut Marko,Austrian,1943-04-27
338,David Walker,Australian,1941-06-10
339,Alex Soler-Roig,Spanish,1932-10-29
340,John Love,Rhodesian,1924-12-07
341,John Surtees,British,1934-02-11
342,Skip Barber,American,1936-11-16
343,Bill Brack,Canadian,1935-12-26
344,Sam Posey,American,1944-05-26
345,Pedro Rodríguez,Mexican,1940-01-18
346,Jo Siffert,Swiss,1936-07-07
347,Jo Bonnier,Swedish,1930-01-31
348,François Mazet,French,1943-02-24
349,Max Jean,French,1943-07-27
350,Vic Elford,British,1935-06-10
351,Silvio Moser,Swiss,1941-04-24
352,George Eaton,Canadian,1945-11-12
353,Pete Lovely,American,1926-04-11
354,Chris Craft,British,1939-11-17
355,John Cannon,Canadian,1933-06-21
356,Jack Brabham,Australian,1926-04-02
357,John Miles,British,1943-06-14
358,Jochen Rindt,Austrian,1942-04-18
359,Johnny Servoz-Gavin,French,1942-01-18
360,Bruce McLaren,New Zealander,1937-08-30
361,Piers Courage,British,1942-05-27
362,Peter de Klerk,South African,1935-03-16
363,Ignazio Giunti,Italian,1941-08-30
364,Dan Gurney,American,1931-04-13
365,Hubert Hahne,German,1935-03-28
366,Gus Hutchison,American,1937-04-26
367,Peter Westbury,British,1938-05-26
368,Sam Tingle,Rhodesian,1921-08-24
369,Basil van Rooyen,South African,1939-04-19
370,Richard Attwood,British,1940-04-04
371,Al Pease,Canadian,1921-10-15
372,John Cordts,Canadian,1935-07-23
373,Jim Clark,British,1936-03-04
374,Mike Spence,British,1936-12-30
375,Ludovico Scarfiotti,Italian,1933-10-18
376,Lucien Bianchi,Belgian,1934-11-10
377,Jo Schlesser,French,1928-05-18
378,Robin Widdows,British,1942-05-27
379,Kurt Ahrens,German,1940-04-19
380,Frank Gardner,Australian,1930-10-01
381,Bobby Unser,American,1934-02-20
382,Moisés Solana,Mexican,1935-12-26
383,Bob Anderson,British,1931-05-19
384,Luki Botha,South African,1930-01-16
385,Lorenzo Bandini,Italian,1935-12-21
386,Richie Ginther,American,1930-08-05
387,Mike Parkes,British,1931-09-24
388,Chris Irwin,British,1942-06-27
389,Guy Ligier,French,1930-07-12
390,Alan Rees,British,1938-01-12
391,Brian Hart,British,1936-09-07
392,Mike Fisher,American,1943-03-13
393,Tom Jones,American,1943-04-26
394,Giancarlo Baghetti,Italian,1934-12-25
395,Jonathan Williams,British,1942-10-26
396,Bob Bondurant,American,1933-04-27
397,Peter Arundell,British,1933-11-08
398,Vic Wilson,British,1931-04-14
399,John Taylor,British,1933-03-23
400,Chris Lawrence,British,1933-07-27
401,Trevor Taylor,British,1936-12-26
402,Giacomo Russo,Italian,1937-10-23
403,Phil Hill,American,1927-04-20
404,Innes Ireland,British,1930-06-12
405,Ronnie Bucknum,American,1936-04-05
406,Paul Hawkins,Australian,1937-10-12
407,David Prophet,British,1937-10-09
408,Tony Maggs,South African,1937-02-09
409,Trevor Blokdyk,South African,1935-11-30
410,Neville Lederle,South African,1938-09-25
411,Doug Serrurier,South African,1920-12-09
412,Brausch Niemann,South African,1939-01-07
413,Ernie Pieterse,South African,1938-07-04
414,Clive Puzey,Rhodesian,1941-07-11
415,Ray Reed,South African,1932-04-30
416,David Clapham,South African,1931-05-18
417,Alex Blignaut,South African,1932-11-30
418,Masten Gregory,American,1932-02-29
419,John Rhodes,British,1927-08-18
420,Ian Raby,British,1921-09-22
421,Alan Rollinson,British,1943-05-15
422,Brian Gubby,British,1934-04-17
423,Gerhard Mitter,German,1935-08-30
424,Roberto Bussinello,Italian,1927-10-04
425,Nino Vaccarella,Italian,1933-03-04
426,Giorgio Bassi,Italian,1934-01-20
427,Maurice Trintignant,French,1917-10-30
428,Bernard Collomb,French,1930-10-07
429,André Pilette,Belgian,1918-10-06
430,Carel Godin de Beaufort,Dutch,1934-04-10
431,Edgar Barth,German,1917-01-26
432,Mário de Araújo Cabral,Portuguese,1934-01-15
433,Walt Hansgen,American,1919-10-28
434,Hap Sharp,American,1928-01-01
435,Willy Mairesse,Belgian,1928-10-01
436,John Campbell-Jones,British,1930-01-21
437,Ian Burgess,British,1930-07-06
438,Tony Settember,American,1926-07-10
439,Nasif Estéfano,Argentine,1932-11-18
440,Jim Hall,American,1935-07-23
441,Tim Parnell,British,1932-06-25
442,Kurt Kuhnke,German,1910-04-30
443,Ernesto Brambilla,Italian,1934-01-31
444,Roberto Lippi,Italian,1926-10-17
445,Günther Seiffert,German,1937-10-18
446,Carlo Abate,Italian,1932-07-10
447,Gaetano Starrabba,Italian,1932-12-03
448,Peter Broeker,Canadian,1926-05-15
449,Rodger Ward,American,1921-01-10
450,Ernie de Vos,Dutch,1941-07-01
451,Frank Dochnal,American,1920-10-08
452,Thomas Monarch,American,1945-09-03
842,Pierre Gasly,French,1996-02-07
453,Jackie Lewis,British,1936-11-01
454,Ricardo Rodríguez,Mexican,1942-02-14
455,Wolfgang Seidel,German,1926-07-04
456,Roy Salvadori,British,1922-05-12
457,Ben Pon,Dutch,1936-12-09
458,Rob Slotemaker,Dutch,1929-06-13
459,Tony Marsh,British,1931-07-20
460,Gerry Ashmore,British,1936-07-25
461,Heinz Schiller,Swiss,1930-01-25
462,Colin Davis,British,1933-07-29
463,Jay Chamberlain,American,1925-12-29
464,Tony Shelly,New Zealander,1937-02-02
465,Keith Greene,British,1938-01-05
466,Heini Walter,Swiss,1927-07-28
467,Ernesto Prinoth,Italian,1923-04-15
468,Roger Penske,American,1937-02-20
469,Rob Schroeder,British,1926-05-11
470,Timmy Mayer,American,1938-02-22
471,Bruce Johnstone,South African,1937-01-30
472,Mike Harris,South African,1939-05-25
473,Gary Hocking,Rhodesian,1937-09-30
474,Syd van der Vyver,South African,1920-06-01
475,Stirling Moss,British,1929-09-17
476,Wolfgang von Trips,German,1928-05-04
477,Cliff Allison,British,1932-02-08
478,Hans Herrmann,German,1928-02-23
479,Tony Brooks,British,1932-02-25
480,Michael May,Swiss,1934-08-18
481,Henry Taylor,British,1932-12-16
482,Olivier Gendebien,Belgian,1924-01-12
483,Giorgio Scarlatti,Italian,1921-10-02
484,Brian Naylor,British,1923-03-24
485,Juan Manuel Bordeu,Argentine,1934-01-28
486,Jack Fairman,British,1913-03-15
487,Massimo Natili,Italian,1935-07-28
488,Peter Monteverdi,Swiss,1934-06-07
489,Renato Pirocchi,Italian,1933-03-26
490,Geoff Duke,British,1923-03-29
491,Alfonso Thiele,American-Italian,1920-04-05
492,Menato Boffa,Italian,1930-01-04
493,Peter Ryan,Canadian,1940-06-10
494,Lloyd Ruby,American,1928-01-12
495,Ken Miles,British,1918-11-01
496,Carlos Menditeguy,Argentine,1914-08-10
497,Alberto Rodriguez Larreta,Argentine,1934-01-14
498,José Froilán González,Argentine,1922-10-05
499,Roberto Bonomi,Argentine,1919-09-30
500,Gino Munaron,Italian,1928-04-02
501,Harry Schell,American,1921-06-29
502,Alan Stacey,British,1933-08-29
503,Ettore Chimeri,Venezuelan,1921-06-04
504,Antonio Creus,Spanish,1924-10-28
505,Chris Bristow,British,1937-12-02
506,Bruce Halford,British,1931-05-18
507,Chuck Daigh,American,1923-11-29
508,Lance Reventlow,American,1936-02-24
509,Jim Rathmann,American,1928-07-16
510,Paul Goldsmith,American,1925-10-02
511,Don Branson,American,1920-06-02
512,Johnny Thomson,American,1922-04-09
513,Eddie Johnson,American,1919-02-10
514,Bob Veith,American,1926-11-01
515,Bud Tingelstad,American,1928-04-04
516,Bob Christie,American,1924-04-04
517,Red Amick,American,1929-01-19
518,Duane Carter,American,1913-05-05
519,Bill Homeier,American,1918-08-31
520,Gene Hartley,American,1926-01-28
521,Chuck Stevenson,American,1919-10-15
522,Bobby Grim,American,1924-09-04
523,Shorty Templeman,American,1919-08-12
524,Jim Hurtubise,American,1932-12-05
525,Jimmy Bryan,American,1926-01-28
526,Troy Ruttman,American,1930-03-11
527,Eddie Sachs,American,1927-05-28
528,Don Freeland,American,1925-03-25
529,Tony Bettenhausen,American,1916-09-12
530,Wayne Weiler,American,1934-12-09
531,Anthony Foyt,American,1935-01-16
532,Eddie Russo,American,1925-11-19
533,Johnny Boyd,American,1926-08-19
534,Gene Force,American,1916-06-15
535,Jim McWithey,American,1927-07-04
536,Len Sutton,American,1925-08-09
537,Dick Rathmann,American,1924-01-06
538,Al Herman,American,1927-03-15
539,Dempsey Wilson,American,1927-03-11
540,Mike Taylor,British,1934-04-24
541,Ron Flockhart,British,1923-06-16
542,David Piper,British,1930-12-02
543,Giulio Cabianca,Italian,1923-02-19
544,Piero Drogo,Italian,1926-08-08
545,Fred Gamble,American,1932-03-17
546,Arthur Owen,British,1915-03-23
547,Horace Gould,British,1918-09-20
548,Bob Drake,American,1919-12-14
549,Ivor Bueb,British,1923-06-06
550,Alain de Changy,Belgian,1922-02-05
551,Maria de Filippis,Italian,1926-11-11
552,Jean Lucienbonnet,French,1923-01-07
553,André Testut,Monegasque,1926-04-13
554,Jean Behra,French,1921-02-16
555,Paul Russo,American,1914-04-10
556,Jimmy Daywalt,American,1924-08-28
557,Chuck Arnold,American,1926-05-30
558,Al Keller,American,1920-04-11
559,Pat Flaherty,American,1926-01-06
560,Bill Cheesbourg,American,1927-06-12
561,Ray Crawford,American,1915-10-26
562,Jack Turner,American,1920-02-12
563,Chuck Weyant,American,1923-04-03
564,Jud Larson,American,1923-01-21
565,Mike Magill,American,1920-02-08
566,Carroll Shelby,American,1923-01-11
567,Fritz d'Orey,Brazilian,1938-03-25
568,Azdrubal Fontes,Uruguayan,1922-12-26
569,Peter Ashdown,British,1934-10-16
570,Bill Moss,British,1933-09-04
571,Dennis Taylor,British,1921-06-12
572,Harry Blanchard,American,1929-06-13
573,Alessandro de Tomaso,Argentine-Italian,1928-07-10
574,George Constantine,American,1918-02-22
575,Bob Said,American,1932-05-05
576,Phil Cade,American,1916-06-12
577,Luigi Musso,Italian,1924-07-28
578,Mike Hawthorn,British,1929-04-10
579,Juan Fangio,Argentine,1911-06-24
580,Paco Godia,Spanish,1921-03-21
581,Peter Collins,British,1931-11-06
582,Ken Kavanagh,Australian,1923-12-12
583,Gerino Gerini,Italian,1928-08-10
584,Bruce Kessler,American,1936-03-23
585,Paul Emery,British,1916-11-12
586,Luigi Piotti,Italian,1913-10-27
587,Bernie Ecclestone,British,1930-10-28
588,Luigi Taramazzo,Italian,1932-05-05
589,Louis Chiron,Monegasque,1899-08-03
590,Stuart Lewis-Evans,British,1930-04-20
591,George Amick,American,1924-10-24
592,Jimmy Reece,American,1929-11-17
593,Johnnie Parsons,American,1918-07-04
594,Johnnie Tolan,American,1917-10-22
595,Billy Garrett,American,1933-04-24
596,Ed Elisian,American,1926-12-09
597,Pat O'Connor,American,1928-10-09
598,Jerry Unser,American,1932-11-15
599,Art Bisch,American,1926-11-10
600,Christian Goethals,Belgian,1928-08-04
601,Dick Gibson,British,1918-04-16
602,Robert La Caze,French,1917-02-26
603,André Guelfi,French,1919-05-06
604,François Picard,French,1921-04-26
605,Tom Bridger,British,1934-06-24
606,Alfonso de Portago,Spanish,1928-10-11
607,Cesare Perdisa,Italian,1932-10-21
608,Eugenio Castellotti,Italian,1930-10-10
609,André Simon,French,1920-01-05
610,Les Leston,British,1920-12-16
611,Sam Hanks,American,1914-07-13
612,Andy Linden,American,1922-04-05
613,Marshall Teague,American,1921-02-22
614,Don Edmunds,American,1930-09-23
615,Fred Agabashian,American,1913-08-21
616,Elmer George,American,1928-07-15
617,Mike MacDowel,British,1932-09-13
618,Herbert MacKay-Fraser,American,1927-06-23
619,Bob Gerard,British,1914-01-19
620,Umberto Maglioli,Italian,1928-06-05
621,Paul England,Australian,1929-03-28
622,Chico Landi,Brazilian,1907-07-14
623,Alberto Uria,Uruguayan,1924-07-11
624,Hernando da Silva Ramos,Brazilian,1925-12-07
625,Élie Bayol,French,1914-02-28
626,Robert Manzon,French,1917-04-12
627,Louis Rosier,French,1905-11-05
628,Bob Sweikert,American,1926-05-20
629,Cliff Griffith,American,1916-02-06
630,Duke Dinsmore,American,1913-04-10
631,Keith Andrews,American,1920-06-15
632,Paul Frère,Belgian,1917-01-30
633,Luigi Villoresi,Italian,1909-05-16
634,Piero Scotti,Italian,1909-11-11
635,Colin Chapman,British,1928-05-19
636,Desmond Titterington,British,1928-05-01
637,Archie Scott Brown,British,1927-05-13
638,Ottorino Volonterio,Swiss,1917-12-07
639,André Milhoux,Belgian,1928-12-09
640,Toulo de Graffenried,Swiss,1914-05-18
641,Piero Taruffi,Italian,1906-10-12
642,Nino Farina,Italian,1906-10-30
643,Roberto Mieres,Argentine,1924-12-03
644,Sergio Mantovani,Italian,1929-05-22
645,Clemar Bucci,Argentine,1920-09-04
646,Jesús Iglesias,Argentine,1922-02-22
647,Alberto Ascari,Italian,1918-07-13
648,Karl Kling,German,1910-09-16
649,Pablo Birger,Argentine,1924-01-07
650,Jacques Pollet,French,1922-07-02
651,Lance Macklin,British,1919-09-02
652,Ted Whiteaway,British,1928-11-01
653,Jimmy Davies,American,1929-08-08
654,Walt Faulkner,American,1920-02-16
655,Cal Niday,American,1914-04-29
656,Art Cross,American,1918-01-24
657,Bill Vukovich,American,1918-12-13
658,Jack McGrath,American,1919-10-08
659,Jerry Hoyt,American,1929-01-29
660,Johnny Claes,Belgian,1916-08-11
661,Peter Walker,British,1912-10-07
662,Mike Sparken,French,1930-06-16
663,Ken Wharton,British,1916-03-21
664,Kenneth McAlpine,British,1920-09-21
665,Leslie Marr,British,1922-08-14
666,Tony Rolt,British,1918-10-16
667,John Fitch,American,1917-08-04
668,Jean Lucas,French,1917-04-25
669,Prince Bira,Thai,1914-07-15
670,Onofre Marimón,Argentine,1923-12-19
671,Roger Loyer,French,1907-08-05
672,Jorge Daponte,Argentine,1923-06-05
673,Mike Nazaruk,American,1921-10-02
674,Larry Crockett,American,1926-10-23
675,Manny Ayulo,American,1921-10-20
676,Frank Armi,American,1918-10-12
677,Travis Webb,American,1910-10-08
678,Len Duncan,American,1911-07-25
679,Ernie McCoy,American,1921-02-19
680,Jacques Swaters,American,1926-10-30
681,Georges Berger,Belgian,1918-09-14
682,Don Beauman,British,1928-07-26
683,Leslie Thorne,British,1916-06-23
684,Bill Whitehouse,British,1909-04-01
685,John Riseley-Prichard,British,1924-01-17
686,Reg Parnell,British,1911-07-02
687,Peter Whitehead,British,1914-11-12
688,Eric Brandon,British,1920-07-18
689,Alan Brown,British,1919-11-20
690,Rodney Nuckey,British,1929-06-26
691,Hermann Lang,German,1909-04-06
692,Theo Helfrich,German,1913-05-13
693,Fred Wacker,American,1918-07-10
694,Giovanni de Riu,Italian,1925-03-10
695,Oscar Gálvez,Argentine,1913-08-17
696,John Barber,British,1929-07-22
697,Felice Bonetto,Italian,1903-06-09
698,Adolfo Cruz,Argentine,1923-06-28
699,Duke Nalon,American,1913-03-02
700,Carl Scarborough,American,1914-07-03
701,Bill Holland,American,1907-12-18
702,Bob Scott,American,1928-10-04
703,Arthur Legat,Belgian,1898-11-01
704,Yves Cabantous,French,1904-10-08
705,Tony Crook,British,1920-02-16
706,Jimmy Stewart,British,1931-03-06
707,Ian Stewart,British,1929-07-15
708,Duncan Hamilton,British,1920-04-30
709,Ernst Klodwig,East German,1903-05-23
710,Rudolf Krause,East German,1907-03-30
711,Oswald Karch,German,1917-03-06
712,Willi Heeks,German,1922-02-13
713,Theo Fitzau,East German,1923-02-10
714,Kurt Adolff,German,1921-11-05
715,Günther Bechem,German,1921-12-21
716,Erwin Bauer,German,1912-07-17
717,Hans von Stuck,German,1900-12-27
718,Ernst Loof,German,1907-07-04
719,Albert Scherrer,Swiss,1908-02-28
720,Max de Terra,Swiss,1918-10-06
721,Peter Hirt,Swiss,1910-03-30
722,Piero Carini,Italian,1921-03-06
723,Rudi Fischer,Swiss,1912-04-19
724,Toni Ulmen,German,1906-01-25
725,George Abecassis,British,1913-03-21
726,George Connor,American,1906-08-16
727,Jim Rigsby,American,1923-06-06
728,Joe James,American,1925-05-23
729,Bill Schindler,American,1909-03-06
730,George Fonder,American,1917-06-22
731,Henry Banks,American,1913-06-14
732,Johnny McDowell,American,1915-01-29
733,Chet Miller,American,1902-07-19
734,Bobby Ball,American,1925-08-26
735,Charles de Tornaco,Belgian,1927-06-07
736,Roger Laurent,Belgian,1913-02-21
737,Robert O'Brien,American,1908-04-11
738,Tony Gaze,Australian,1920-02-03
739,Robin Montgomerie-Charrington,British,1915-06-23
740,Franco Comotti,Italian,1906-07-24
741,Philippe Étancelin,French,1896-12-28
742,Dennis Poore,British,1916-08-19
743,Eric Thompson,British,1919-11-04
744,Ken Downing,British,1917-12-05
745,Graham Whitehead,British,1922-04-15
746,Gino Bianco,Brazilian,1916-07-22
747,David Murray,British,1909-12-28
748,Eitel Cantoni,Uruguayan,1906-10-04
749,Bill Aston,British,1900-03-29
750,Adolf Brudes,German,1899-10-15
751,Fritz Riess,German,1922-07-11
752,Helmut Niedermayr,German,1915-11-29
753,Hans Klenk,German,1919-10-28
754,Marcel Balsa,French,1909-01-01
755,Rudolf Schoeller,Swiss,1902-04-27
756,Paul Pietsch,German,1911-06-20
757,Josef Peters,German,1914-09-16
758,Dries van der Lof,Dutch,1919-08-23
759,Jan Flinterman,Dutch,1919-10-02
760,Piero Dusio,Italian,1899-10-13
761,Alberto Crespo,Argentine,1920-01-16
762,Franco Rol,Italian,1908-06-05
763,Consalvo Sanesi,Italian,1911-03-28
764,Guy Mairesse,French,1910-08-10
765,Henri Louveau,French,1910-01-25
766,Lee Wallard,American,1910-09-07
767,Carl Forberg,American,1911-03-04
768,Mauri Rose,American,1906-05-26
769,Bill Mackey,American,1927-12-15
770,Cecil Green,American,1919-09-30
771,Walt Brown,American,1911-12-30
772,Mack Hellings,American,1915-09-14
773,Pierre Levegh,French,1905-12-22
774,Eugène Chaboud,French,1907-04-12
775,Aldo Gordini,French,1921-05-20
776,Joe Kelly,Irish,1913-03-13
777,Philip Fotheringham-Parker,British,1907-09-22
778,Brian Shawe Taylor,British,1915-01-28
779,John James,British,1914-05-10
780,Toni Branca,Swiss,1916-09-15
781,Ken Richardson,British,1911-08-21
782,Juan Jover,Spanish,1903-11-23
783,Georges Grignard,French,1905-07-25
784,David Hampshire,British,1917-12-29
785,Geoff Crossley,British,1921-05-11
786,Luigi Fagioli,Italian,1898-06-09
787,Cuth Harrison,British,1906-07-06
788,Joe Fry,British,1915-10-26
789,Eugène Martin,French,1915-03-24
790,Leslie Johnson,British,1912-03-22
791,Clemente Biondetti,Italian,1898-08-18
792,Alfredo Pián,Argentine,1912-10-21
793,Raymond Sommer,French,1906-08-31
794,Joie Chitwood,American,1912-04-14
795,Myron Fohr,American,1912-06-17
796,Walt Ader,American,1913-12-15
797,Jackie Holmes,American,1920-09-04
798,Bayliss Levrett,American,1914-02-14
799,Jimmy Jackson,American,1910-07-25
800,Nello Pagani,Italian,1911-10-11
801,Charles Pozzi,French,1909-08-27
802,Dorino Serafini,Italian,1909-07-22
803,Bill Cantrell,American,1908-01-31
804,Johnny Mantz,American,1918-09-18
805,Danny Kladis,American,1917-02-10
806,Óscar González,Uruguayan,1923-11-10
807,Nico Hülkenberg,German,1987-08-19
808,Vitaly Petrov,Russian,1984-09-08
810,Lucas di Grassi,Brazilian,1984-08-11
811,Bruno Senna,Brazilian,1983-10-15
812,Karun Chandhok,Indian,1984-01-19
813,Pastor Maldonado,Venezuelan,1985-03-09
814,Paul di Resta,British,1986-04-16
815,Sergio Pérez,Mexican,1990-01-26
816,Jérôme d'Ambrosio,Belgian,1985-12-27
817,Daniel Ricciardo,Australian,1989-07-01
818,Jean-Éric Vergne,French,1990-04-25
819,Charles Pic,French,1990-02-15
820,Max Chilton,British,1991-04-21
821,Esteban Gutiérrez,Mexican,1991-08-05
822,Valtteri Bottas,Finnish,1989-08-28
823,Giedo van der Garde,Dutch,1985-04-25
824,Jules Bianchi,French,1989-08-03
825,Kevin Magnussen,Danish,1992-10-05
826,Daniil Kvyat,Russian,1994-04-26
827,André Lotterer,German,1981-11-19
828,Marcus Ericsson,Swedish,1990-09-02
829,Will Stevens,British,1991-06-28
830,Max Verstappen,Dutch,1997-09-30
831,Felipe Nasr,Brazilian,1992-08-21
832,Carlos Sainz,Spanish,1994-09-01
833,Roberto Merhi,Spanish,1991-03-22
834,Alexander Rossi,American,1991-09-25
835,Jolyon Palmer,British,1991-01-20
836,Pascal Wehrlein,German,1994-10-18
837,Rio Haryanto,Indonesian,1993-01-22
838,Stoffel Vandoorne,Belgian,1992-03-26
839,Esteban Ocon,French,1996-09-17
840,Lance Stroll,Canadian,1998-10-29
841,Antonio Giovinazzi,Italian,1993-12-14
843,Brendon Hartley,New Zealander,1989-11-10
844,Charles Leclerc,Monegasque,1997-10-16
845,Sergey Sirotkin,Russian,1995-08-27
846,Lando Norris,British,1999-11-13
847,George Russell,British,1998-02-15
848,Alexander Albon,Thai,1996-03-23
849,Nicholas Latifi,Canadian,1995-06-29
850,Pietro Fittipaldi,Brazilian,1996-06-25
851,Jack Aitken,British,1995-09-23
852,Yuki Tsunoda,Japanese,2000-05-11
853,Nikita Mazepin,Russian,1999-03-02
854,Mick Schumacher,German,1999-03-22
855,Guanyu Zhou,Chinese,1999-05-30
856,Nyck de Vries,Dutch,1995-02-06
857,Oscar Piastri,Australian,2001-04-06
858,Logan Sargeant,American,2000-12-31
859,Liam Lawson,New Zealander,2002-02-11
860,Oliver Bearman,British,2005-05-08
